track_uri,track_name,album_name,artist_name(s),release_date,duration_(ms),popularity,explicit,added_by,added_at,genres,record_label,danceability,energy,key,loudness,mode,speechiness,acousticness,instrumentalness,liveness,valence,tempo,time_signature,standardized_track_name,pianist,year,sonata,movement
spotify:track:3msLcxPa3AMIpJaohag27y,"Piano Sonata No. 8 in C Minor, Op. 13 ""Pathétique"": I. Grave - Allegro di molto e con brio",Beethoven: Complete Piano Sonatas & Concertos,Ludwig van Beethoven;Alfred Brendel,2010-01-01,580120,27,False,mikaylab.,2026-02-15T23:29:18Z,"klassiek,klassieke piano,kamermuziek,concerto",Decca Music Group Ltd.,0.338,0.158,5,-23.243,0,0.0458,0.992,0.901,0.137,0.0747,155.436,4,"""Pathétique"", I.",Alfred Brendel,2010.0,Pathétique,I
spotify:track:59N2oEyhMF01rjlSVln5HU,"Piano Sonata No. 8 in C Minor, Op. 13 ""Pathétique"": II. Adagio cantabile",Beethoven: Complete Piano Sonatas & Concertos,Ludwig van Beethoven;Alfred Brendel,2010-01-01,317386,28,False,mikaylab.,2026-02-15T23:29:18Z,"klassiek,klassieke piano,kamermuziek,concerto",Decca Music Group Ltd.,0.315,0.00687,8,-32.752,1,0.0427,0.995,0.872,0.107,0.075,112.846,4,"""Pathétique"", II.",Alfred Brendel,2010.0,Pathétique,II
spotify:track:7otP9S9QBeZaNIcljnuBSY,"Piano Sonata No. 8 in C Minor, Op. 13 ""Pathétique"": III. Rondo. Allegro",Beethoven: Complete Piano Sonatas & Concertos,Ludwig van Beethoven;Alfred Brendel,2010-01-01,272200,19,False,mikaylab.,2026-02-15T23:29:18Z,"klassiek,klassieke piano,kamermuziek,concerto",Decca Music Group Ltd.,0.335,0.151,0,-24.602,0,0.0408,0.993,0.916,0.125,0.173,104.261,4,"""Pathétique"", III.",Alfred Brendel,2010.0,Pathétique,III
spotify:track:2yoAbeZiRU8rgTWmCBdawA,"Piano Sonata No. 14 in C-Sharp Minor, Op. 27 No. 2 ""Moonlight"": I. Adagio sostenuto",Beethoven: Complete Piano Sonatas & Concertos,Ludwig van Beethoven;Alfred Brendel,2010-01-01,362880,42,False,mikaylab.,2026-02-15T23:29:27Z,"klassiek,klassieke piano,kamermuziek,concerto",Decca Music Group Ltd.,0.372,0.0207,1,-30.685,0,0.0476,0.995,0.915,0.154,0.0725,70.487,1,"""Moonlight"", I.",Alfred Brendel,2010.0,Moonlight,I
spotify:track:3DjOHZyKnxgFQZcNTTRoWa,"Piano Sonata No. 14 in C-Sharp Minor, Op. 27 No. 2 ""Moonlight"": II. Allegretto",Beethoven: Complete Piano Sonatas & Concertos,Ludwig van Beethoven;Alfred Brendel,2010-01-01,145066,16,False,mikaylab.,2026-02-15T23:29:27Z,"klassiek,klassieke piano,kamermuziek,concerto",Decca Music Group Ltd.,0.428,0.0742,1,-22.009,1,0.0825,0.996,0.963,0.105,0.41,182.682,3,"""Moonlight"", II.",Alfred Brendel,2010.0,Moonlight,II
spotify:track:0Rw3g5Ayoyj4Uc83ZhF2Ep,"Piano Sonata No. 14 in C-Sharp Minor, Op. 27 No. 2 ""Moonlight"": III. Presto",Beethoven: Complete Piano Sonatas & Concertos,Ludwig van Beethoven;Alfred Brendel,2010-01-01,451240,19,False,mikaylab.,2026-02-15T23:29:27Z,"klassiek,klassieke piano,kamermuziek,concerto",Decca Music Group Ltd.,0.277,0.16,9,-19.648,1,0.0477,0.994,0.914,0.1,0.0697,79.188,4,"""Moonlight"", III.",Alfred Brendel,2010.0,Moonlight,III
spotify:track:19lMiLwS7HyNiN2e3euKW6,"Piano Sonata No. 21 in C Major, Op. 53 ""Waldstein"": I. Allegro con brio",Beethoven: Complete Piano Sonatas & Concertos,Ludwig van Beethoven;Alfred Brendel,2010-01-01,648400,15,False,mikaylab.,2026-02-15T23:29:33Z,"klassiek,klassieke piano,kamermuziek,concerto",Decca Music Group Ltd.,0.223,0.185,0,-22.105,1,0.047,0.988,0.914,0.0767,0.0707,69.562,4,"""Waldstein"", I.",Alfred Brendel,2010.0,Waldstein,I
spotify:track:1Id4OzXjcPL72ZXqmvB2U1,"Piano Sonata No. 21 in C Major, Op. 53 ""Waldstein"": II. Introduzione. Adagio molto",Beethoven: Complete Piano Sonatas & Concertos,Ludwig van Beethoven;Alfred Brendel,2010-01-01,262813,13,False,mikaylab.,2026-02-15T23:29:33Z,"klassiek,klassieke piano,kamermuziek,concerto",Decca Music Group Ltd.,0.439,0.00263,0,-30.59,1,0.0746,0.994,0.952,0.203,0.0762,87.984,4,"""Waldstein"", II.",Alfred Brendel,2010.0,Waldstein,II
spotify:track:4yUHIm2aC7M9NACl2UuZUX,"Piano Sonata No. 21 in C Major, Op. 53 ""Waldstein"": III. Rondo. Allegretto moderato - Prestissimo",Beethoven: Complete Piano Sonatas & Concertos,Ludwig van Beethoven;Alfred Brendel,2010-01-01,594506,14,False,mikaylab.,2026-02-15T23:29:33Z,"klassiek,klassieke piano,kamermuziek,concerto",Decca Music Group Ltd.,0.341,0.0993,0,-21.645,1,0.0355,0.988,0.909,0.0796,0.0488,104.788,4,"""Waldstein"", III.",Alfred Brendel,2010.0,Waldstein,III
spotify:track:0mrL0X7fb7XDQ0l3zeimbx,"Piano Sonata No. 8 in C Minor, Op. 13 ""Pathétique"": I. Grave - Allegro di molto e con brio",Beethoven: The Piano Sonatas,Ludwig van Beethoven;Daniel Barenboim,1984-01-01,569400,37,False,mikaylab.,2026-02-15T23:09:33Z,"klassiek,klassieke piano,kamermuziek,impressionisme,opera,concerto",Deutsche Grammophon (DG),0.369,0.116,0,-23.33,0,0.0609,0.991,0.899,0.0775,0.0806,74.204,4,"""Pathétique"", I.",Daniel Barenboim,1984.0,Pathétique,I
spotify:track:0HXkeWXAYYPoR0wml4gtgu,"Piano Sonata No. 8 in C Minor, Op. 13 ""Pathétique"": II. Adagio cantabile",Beethoven: The Piano Sonatas,Ludwig van Beethoven;Daniel Barenboim,1984-01-01,320466,46,False,mikaylab.,2026-02-15T23:09:33Z,"klassiek,klassieke piano,kamermuziek,impressionisme,opera,concerto",Deutsche Grammophon (DG),0.363,0.0029,8,-35.441,1,0.0534,0.995,0.898,0.113,0.157,96.774,4,"""Pathétique"", II.",Daniel Barenboim,1984.0,Pathétique,II
spotify:track:0U8s7QWZkYCKpvKZg69VfN,"Piano Sonata No. 8 in C Minor, Op. 13 ""Pathétique"": III. Rondo. Allegro",Beethoven: The Piano Sonatas,Ludwig van Beethoven;Daniel Barenboim,1984-01-01,288266,45,False,mikaylab.,2026-02-15T23:09:33Z,"klassiek,klassieke piano,kamermuziek,impressionisme,opera,concerto",Deutsche Grammophon (DG),0.3,0.0802,0,-24.716,0,0.0473,0.991,0.902,0.112,0.209,97.25,3,"""Pathétique"", III.",Daniel Barenboim,1984.0,Pathétique,III
spotify:track:630zE7N1xPxdK2Zz4S3rPA,"Piano Sonata No. 14 in C-Sharp Minor, Op. 27 No. 2 ""Moonlight Sonata"": I. Adagio sostenuto",Beethoven: The Piano Sonatas,Ludwig van Beethoven;Daniel Barenboim,1984-01-01,403333,57,False,mikaylab.,2026-02-15T23:09:46Z,"klassiek,klassieke piano,kamermuziek,impressionisme,opera,concerto",Deutsche Grammophon (DG),0.278,0.00245,1,-41.53,0,0.0497,0.995,0.881,0.114,0.293,139.161,3,"""Moonlight"", I.",Daniel Barenboim,1984.0,Moonlight,I
spotify:track:7lo7NTRhtbbiwKODiMRsR7,"Piano Sonata No. 14 in C-Sharp Minor, Op. 27 No. 2 ""Moonlight Sonata"": II. Allegretto",Beethoven: The Piano Sonatas,Ludwig van Beethoven;Daniel Barenboim,1984-01-01,132933,46,False,mikaylab.,2026-02-15T23:09:46Z,"klassiek,klassieke piano,kamermuziek,impressionisme,opera,concerto",Deutsche Grammophon (DG),0.539,0.0141,1,-30.148,1,0.0538,0.996,0.924,0.118,0.34,67.69,4,"""Moonlight"", II.",Daniel Barenboim,1984.0,Moonlight,II
spotify:track:2OQzVmgl8WoNEYDdOLSEOf,"Piano Sonata No. 14 in C-Sharp Minor, Op. 27 No. 2 ""Moonlight Sonata"": III. Presto agitato",Beethoven: The Piano Sonatas,Ludwig van Beethoven;Daniel Barenboim,1984-01-01,461400,48,False,mikaylab.,2026-02-15T23:09:46Z,"klassiek,klassieke piano,kamermuziek,impressionisme,opera,concerto",Deutsche Grammophon (DG),0.287,0.0855,6,-24.19,0,0.0481,0.992,0.888,0.105,0.114,156.795,4,"""Moonlight"", III.",Daniel Barenboim,1984.0,Moonlight,III
spotify:track:4GmS3dDhEiJRpqgsKZzC0N,"Piano Sonata No. 21 in C Major, Op. 53 ""Waldstein"": I. Allegro con brio",Beethoven: The Piano Sonatas,Ludwig van Beethoven;Daniel Barenboim,1984-01-01,691826,30,False,mikaylab.,2026-02-15T23:15:58Z,"klassiek,klassieke piano,kamermuziek,impressionisme,opera,concerto",Deutsche Grammophon (DG),0.252,0.125,0,-22.925,1,0.0438,0.984,0.924,0.0825,0.126,77.43,4,"""Waldstein"", I.",Daniel Barenboim,1984.0,Waldstein,I
spotify:track:6Sl7pLlaDpgRYHKCj9ygQS,"Piano Sonata No. 21 in C Major, Op. 53 ""Waldstein"": II. Introduzione. Adagio molto",Beethoven: The Piano Sonatas,Ludwig van Beethoven;Daniel Barenboim,1984-01-01,278866,23,False,mikaylab.,2026-02-15T23:15:58Z,"klassiek,klassieke piano,kamermuziek,impressionisme,opera,concerto",Deutsche Grammophon (DG),0.461,0.0012,5,-37.05,1,0.0688,0.992,0.882,0.0686,0.127,79.252,4,"""Waldstein"", II.",Daniel Barenboim,1984.0,Waldstein,II
spotify:track:6Zi3EhHKlDGD89MPkAZpID,"Piano Sonata No. 21 in C Major, Op. 53 ""Waldstein"": III. Rondo. Allegretto moderato - Prestissimo",Beethoven: The Piano Sonatas,Ludwig van Beethoven;Daniel Barenboim,1984-01-01,681466,25,False,mikaylab.,2026-02-15T23:15:58Z,"klassiek,klassieke piano,kamermuziek,impressionisme,opera,concerto",Deutsche Grammophon (DG),0.289,0.0665,0,-22.047,1,0.0349,0.98,0.928,0.0702,0.057,91.038,4,"""Waldstein"", III.",Daniel Barenboim,1984.0,Waldstein,III
spotify:track:4FCsEWnYqN8DiCLGRnPaqP,"Beethoven: Piano Sonata No. 8 in C Minor, Op. 13 ""Pathétique"": I. Grave - Allegro di molto e con brio",Beethoven: Complete Piano Sonatas,Ludwig van Beethoven;Rudolf Buchbinder,1984-01-01,530600,2,False,mikaylab.,2026-02-15T23:33:50Z,"klassiek,klassieke piano,kamermuziek",Warner Classics,0.343,0.145,0,-21.957,0,0.0642,0.989,0.892,0.142,0.0832,167.112,4,"""Pathétique"", I.",Rudolf Buchbinder,1984.0,Pathétique,I
spotify:track:7Lkeq05R0PHLt77Pi6LtLF,"Beethoven: Piano Sonata No. 8 in C Minor, Op. 13 ""Pathétique"": II. Adagio cantabile",Beethoven: Complete Piano Sonatas,Ludwig van Beethoven;Rudolf Buchbinder,1984-01-01,345866,21,False,mikaylab.,2026-02-15T23:33:50Z,"klassiek,klassieke piano,kamermuziek",Warner Classics,0.37,0.00602,8,-32.827,1,0.054,0.995,0.932,0.114,0.17,105.963,4,"""Pathétique"", II.",Rudolf Buchbinder,1984.0,Pathétique,II
spotify:track:1gnW3s36mQQFoqlcnzHP1L,"Beethoven: Piano Sonata No. 8 in C Minor, Op. 13 ""Pathétique"": III. Rondo. Allegro",Beethoven: Complete Piano Sonatas,Ludwig van Beethoven;Rudolf Buchbinder,1984-01-01,270706,1,False,mikaylab.,2026-02-15T23:33:50Z,"klassiek,klassieke piano,kamermuziek",Warner Classics,0.347,0.105,0,-23.561,0,0.0472,0.99,0.89,0.215,0.21,102.647,4,"""Pathétique"", III.",Rudolf Buchbinder,1984.0,Pathétique,III
spotify:track:6foNAcmEDSJxPkGpxA3VEC,"Beethoven: Piano Sonata No. 14 in C-Sharp Minor, Op. 27 No. 2 ""Moonlight"": I. Adagio sostenuto",Beethoven: Complete Piano Sonatas,Ludwig van Beethoven;Rudolf Buchbinder,1984-01-01,289973,43,False,mikaylab.,2026-02-15T23:33:58Z,"klassiek,klassieke piano,kamermuziek",Warner Classics,0.29,0.00626,1,-35.272,0,0.0372,0.994,0.815,0.159,0.0976,92.662,4,"""Moonlight"", I.",Rudolf Buchbinder,1984.0,Moonlight,I
spotify:track:29ch6MRaCW6TBsDWB1uQ23,"Beethoven: Piano Sonata No. 14 in C-Sharp Minor, Op. 27 No. 2 ""Moonlight"": III. Presto agitato",Beethoven: Complete Piano Sonatas,Ludwig van Beethoven;Rudolf Buchbinder,1984-01-01,425920,3,False,mikaylab.,2026-02-15T23:33:58Z,"klassiek,klassieke piano,kamermuziek",Warner Classics,0.331,0.238,9,-19.798,1,0.0408,0.979,0.873,0.0905,0.11,83.909,4,"""Moonlight"", III.",Rudolf Buchbinder,1984.0,Moonlight,III
spotify:track:4rkNWi4gs5ZXtJa1MyMmUH,"Beethoven: Piano Sonata No. 14 in C-Sharp Minor, Op. 27 No. 2 ""Moonlight"": II. Allegretto",Beethoven: Complete Piano Sonatas,Ludwig van Beethoven;Rudolf Buchbinder,1984-01-01,112520,2,False,mikaylab.,2026-02-15T23:33:58Z,"klassiek,klassieke piano,kamermuziek",Warner Classics,0.494,0.0657,1,-24.277,1,0.0598,0.995,0.925,0.0994,0.476,122.42,4,"""Moonlight"", II.",Rudolf Buchbinder,1984.0,Moonlight,II
spotify:track:50zJ496h3Ll9PNOSShes7d,"Beethoven: Piano Sonata No. 21 in C Major, Op. 53 ""Waldstein"": I. Allegro con brio",Beethoven: Complete Piano Sonatas,Ludwig van Beethoven;Rudolf Buchbinder,1984-01-01,555493,1,False,mikaylab.,2026-02-15T23:34:03Z,"klassiek,klassieke piano,kamermuziek",Warner Classics,0.252,0.442,0,-13.802,1,0.0392,0.975,0.914,0.077,0.147,87.28,4,"""Waldstein"", I.",Rudolf Buchbinder,1984.0,Waldstein,I
spotify:track:2S3jdBr37xonPYc96gFfGe,"Beethoven: Piano Sonata No. 21 in C Major, Op. 53 ""Waldstein"": II. Introduzione. Adagio molto",Beethoven: Complete Piano Sonatas,Ludwig van Beethoven;Rudolf Buchbinder,1984-01-01,218000,0,False,mikaylab.,2026-02-15T23:34:03Z,"klassiek,klassieke piano,kamermuziek",Warner Classics,0.517,0.00349,0,-30.498,1,0.0718,0.989,0.912,0.0674,0.0524,58.712,4,"""Waldstein"", II.",Rudolf Buchbinder,1984.0,Waldstein,II
spotify:track:5dian4Kcq6bYqkMhyJQXw0,"Beethoven: Piano Sonata No. 21 in C Major, Op. 53 ""Waldstein"": III. Rondo. Allegretto moderato - Prestissimo",Beethoven: Complete Piano Sonatas,Ludwig van Beethoven;Rudolf Buchbinder,1984-01-01,546080,0,False,mikaylab.,2026-02-15T23:34:03Z,"klassiek,klassieke piano,kamermuziek",Warner Classics,0.347,0.0887,0,-22.513,1,0.0359,0.975,0.92,0.062,0.0812,110.61,4,"""Waldstein"", III.",Rudolf Buchbinder,1984.0,Waldstein,III
spotify:track:1MfsO8ehleI0mp6B4tdAQ1,"Piano Sonata No. 8 in C Minor, Op. 13 ""Pathétique"": I. Grave - Allegro di molto e con brio",Beethoven: Complete Piano Sonatas,Ludwig van Beethoven;Louis Lortie,1993-09-01,548000,1,False,mikaylab.,2026-02-15T23:19:28Z,"klassiek,klassieke piano,kamermuziek,impressionisme",Chandos,0.28,0.134,0,-24.078,0,0.0456,0.984,0.916,0.0672,0.0558,150.351,4,"""Pathétique"", I.",Louis Lortie,1993.0,Pathétique,I
spotify:track:7rOjTx6jh1Icg4KBGPMa4Z,"Piano Sonata No. 8 in C Minor, Op. 13 ""Pathétique"": II. Adagio cantabile",Beethoven: Complete Piano Sonatas,Ludwig van Beethoven;Louis Lortie,1993-09-01,289000,1,False,mikaylab.,2026-02-15T23:19:28Z,"klassiek,klassieke piano,kamermuziek,impressionisme",Chandos,0.307,0.00344,8,-37.356,1,0.0592,0.995,0.93,0.108,0.0873,66.868,4,"""Pathétique"", II.",Louis Lortie,1993.0,Pathétique,II
spotify:track:7pLEK2HOl2dQFbmxJo94Z7,"Piano Sonata No. 8 in C Minor, Op. 13 ""Pathétique"": III. Rondo. Allegro",Beethoven: Complete Piano Sonatas,Ludwig van Beethoven;Louis Lortie,1993-09-01,276360,1,False,mikaylab.,2026-02-15T23:19:28Z,"klassiek,klassieke piano,kamermuziek,impressionisme",Chandos,0.277,0.0877,0,-26.215,0,0.0421,0.99,0.925,0.066,0.188,103.644,4,"""Pathétique"", III.",Louis Lortie,1993.0,Pathétique,III
spotify:track:1AAR3R2k6pAFZ05SElyHLr,"Piano Sonata No. 14 in C-Sharp Minor, Op. 27 No. 2 ""Moonlight"": I. Adagio sostenuto",Beethoven: Complete Piano Sonatas,Ludwig van Beethoven;Louis Lortie,1993-09-01,442600,40,False,mikaylab.,2026-02-15T23:19:34Z,"klassiek,klassieke piano,kamermuziek,impressionisme",Chandos,0.187,0.0021,1,-41.304,0,0.0436,0.995,0.887,0.159,0.196,72.428,4,"""Moonlight"", I.",Louis Lortie,1993.0,Moonlight,I
spotify:track:6rGLpfkpRdvmQ5gcs0yDft,"Piano Sonata No. 14 in C-Sharp Minor, Op. 27 No. 2 ""Moonlight"": II. Allegretto",Beethoven: Complete Piano Sonatas,Ludwig van Beethoven;Louis Lortie,1993-09-01,136826,4,False,mikaylab.,2026-02-15T23:19:34Z,"klassiek,klassieke piano,kamermuziek,impressionisme",Chandos,0.444,0.0154,1,-29.207,1,0.037,0.995,0.905,0.0953,0.368,63.734,4,"""Moonlight"", II.",Louis Lortie,1993.0,Moonlight,II
spotify:track:6xz5xb3PsKLJxHj7zmWSYJ,"Piano Sonata No. 14 in C-Sharp Minor, Op. 27 No. 2 ""Moonlight"": III. Presto agitato",Beethoven: Complete Piano Sonatas,Ludwig van Beethoven;Louis Lortie,1993-09-01,455106,24,False,mikaylab.,2026-02-15T23:19:34Z,"klassiek,klassieke piano,kamermuziek,impressionisme",Chandos,0.257,0.193,6,-22.581,0,0.046,0.985,0.901,0.102,0.0625,76.059,4,"""Moonlight"", III.",Louis Lortie,1993.0,Moonlight,III
spotify:track:6lzF3lAMCShmG3skGLcdMJ,"Piano Sonata No. 21 in C Major, Op. 53 ""Waldstein"": I. Allegro con brio",Beethoven: Complete Piano Sonatas,Ludwig van Beethoven;Louis Lortie,1993-09-01,664400,0,False,mikaylab.,2026-02-15T23:19:42Z,"klassiek,klassieke piano,kamermuziek,impressionisme",Chandos,0.249,0.134,0,-24.597,1,0.0406,0.987,0.93,0.0609,0.0855,154.999,4,"""Waldstein"", I.",Louis Lortie,1993.0,Waldstein,I
spotify:track:1ywN3nZeWmqzMHUTX6lSXJ,"Piano Sonata No. 21 in C Major, Op. 53 ""Waldstein"": II. Introduzione. Allegro molto",Beethoven: Complete Piano Sonatas,Ludwig van Beethoven;Louis Lortie,1993-09-01,237213,0,False,mikaylab.,2026-02-15T23:19:42Z,"klassiek,klassieke piano,kamermuziek,impressionisme",Chandos,0.491,0.00116,5,-33.73,1,0.0758,0.993,0.888,0.0615,0.106,135.094,3,"""Waldstein"", II.",Louis Lortie,1993.0,Waldstein,II
spotify:track:1XUkDGETpW4H7zxRfFG6vz,"Piano Sonata No. 21 in C Major, Op. 53 ""Waldstein"": III. Rondo. Allegretto moderato",Beethoven: Complete Piano Sonatas,Ludwig van Beethoven;Louis Lortie,1993-09-01,571280,0,False,mikaylab.,2026-02-15T23:19:42Z,"klassiek,klassieke piano,kamermuziek,impressionisme",Chandos,0.317,0.0832,0,-23.225,1,0.037,0.987,0.894,0.0697,0.0851,112.497,4,"""Waldstein"", III.",Louis Lortie,1993.0,Waldstein,III
spotify:track:7ygOmPqEKiz2AIkkfrxCpJ,"Piano Sonata No. 8 in C Minor, Op. 13 ""Pathétique"": I. Grave – Allegro di molto e con brio","Beethoven: Piano Sonatas Nos.8, 14, 21 & 22",Ludwig van Beethoven;Wilhelm Kempff,1995-01-01,436333,8,False,mikaylab.,2026-02-18T15:06:21Z,"klassiek,klassieke piano,kamermuziek",Deutsche Grammophon (DG),0.422,0.131,0,-20.688,0,0.0535,0.991,0.941,0.0911,0.0602,137.553,4,"""Pathétique"", I.",Wilhelm Kempff,1995.0,Pathétique,I
spotify:track:2YIEopBmaVBVsrCE4nUdp3,"Piano Sonata No. 8 in C Minor, Op. 13 ""Pathétique"": II. Adagio cantabile","Beethoven: Piano Sonatas Nos.8, 14, 21 & 22",Ludwig van Beethoven;Wilhelm Kempff,1995-01-01,295000,8,False,mikaylab.,2026-02-18T15:06:21Z,"klassiek,klassieke piano,kamermuziek",Deutsche Grammophon (DG),0.341,0.00754,8,-30.313,1,0.0476,0.995,0.895,0.104,0.12,133.209,4,"""Pathétique"", II.",Wilhelm Kempff,1995.0,Pathétique,II
spotify:track:0gGZPnyWtzHitynJ7qpBTh,"Piano Sonata No. 8 in C Minor, Op. 13 ""Pathétique"": III. Rondo. Allegro","Beethoven: Piano Sonatas Nos.8, 14, 21 & 22",Ludwig van Beethoven;Wilhelm Kempff,1995-01-01,271000,7,False,mikaylab.,2026-02-18T15:06:21Z,"klassiek,klassieke piano,kamermuziek",Deutsche Grammophon (DG),0.382,0.116,0,-21.156,0,0.0414,0.992,0.924,0.222,0.272,98.658,4,"""Pathétique"", III.",Wilhelm Kempff,1995.0,Pathétique,III
spotify:track:3p0oqsWcjhAR2F98MWMTeD,"Piano Sonata No. 14 in C-Sharp Minor, Op. 27 No. 2 ""Moonlight Sonata"": I. Adagio sostenuto","Beethoven: Piano Sonatas Nos.8, 14, 21 & 22",Ludwig van Beethoven;Wilhelm Kempff,1995-01-01,360600,12,False,mikaylab.,2026-02-18T15:06:29Z,"klassiek,klassieke piano,kamermuziek",Deutsche Grammophon (DG),0.199,0.004,1,-38.202,0,0.0497,0.996,0.926,0.088,0.302,70.123,1,"""Moonlight"", I.",Wilhelm Kempff,1995.0,Moonlight,I
spotify:track:5zTxnfHXTFdmbIb6rQ5ExO,"Piano Sonata No. 14 in C-Sharp Minor, Op. 27 No. 2 ""Moonlight Sonata"": II. Allegretto","Beethoven: Piano Sonatas Nos.8, 14, 21 & 22",Ludwig van Beethoven;Wilhelm Kempff,1995-01-01,139400,7,False,mikaylab.,2026-02-18T15:06:29Z,"klassiek,klassieke piano,kamermuziek",Deutsche Grammophon (DG),0.557,0.0267,1,-24.926,1,0.0485,0.996,0.943,0.121,0.577,96.511,4,"""Moonlight"", II.",Wilhelm Kempff,1995.0,Moonlight,II
spotify:track:4Nfve8hExSy7isIt1KhmJ0,"Piano Sonata No. 14 in C-Sharp Minor, Op. 27 No. 2 ""Moonlight Sonata"": III. Presto agitato","Beethoven: Piano Sonatas Nos.8, 14, 21 & 22",Ludwig van Beethoven;Wilhelm Kempff,1995-01-01,330000,8,False,mikaylab.,2026-02-18T15:06:29Z,"klassiek,klassieke piano,kamermuziek",Deutsche Grammophon (DG),0.283,0.19,6,-18.562,0,0.0421,0.991,0.894,0.112,0.127,77.579,4,"""Moonlight"", III.",Wilhelm Kempff,1995.0,Moonlight,III
spotify:track:4SAofftDsMmh88tVUv8Xhf,"Piano Sonata No. 21 in C Major, Op. 53 ""Waldstein"": I. Allegro con brio","Beethoven: Piano Sonatas Nos.8, 14, 21 & 22",Ludwig van Beethoven;Wilhelm Kempff,1995-01-01,655000,7,False,mikaylab.,2026-02-18T15:06:29Z,"klassiek,klassieke piano,kamermuziek",Deutsche Grammophon (DG),0.277,0.198,0,-21.218,1,0.0372,0.99,0.928,0.139,0.146,154.269,4,"""Waldstein"", I.",Wilhelm Kempff,1995.0,Waldstein,I
spotify:track:6IVLNmpDtDbtWLU7fFpn8f,"Piano Sonata No. 21 in C Major, Op. 53 ""Waldstein"": II. Introduzione. Adagio molto","Beethoven: Piano Sonatas Nos.8, 14, 21 & 22",Ludwig van Beethoven;Wilhelm Kempff,1995-01-01,185040,4,False,mikaylab.,2026-02-18T15:06:29Z,"klassiek,klassieke piano,kamermuziek",Deutsche Grammophon (DG),0.534,0.00372,0,-27.84,1,0.0562,0.994,0.927,0.0495,0.0629,48.132,4,"""Waldstein"", II.",Wilhelm Kempff,1995.0,Waldstein,II
spotify:track:0oUzSZauqZC0Qf216ogq7Y,"Piano Sonata No. 21 in C Major, Op. 53 ""Waldstein"": III. Rondo. Allegretto moderato – Prestissimo","Beethoven: Piano Sonatas Nos.8, 14, 21 & 22",Ludwig van Beethoven;Wilhelm Kempff,1995-01-01,586960,5,False,mikaylab.,2026-02-18T15:06:29Z,"klassiek,klassieke piano,kamermuziek",Deutsche Grammophon (DG),0.359,0.128,0,-19.548,1,0.0315,0.99,0.901,0.0955,0.0998,107.333,4,"""Waldstein"", III.",Wilhelm Kempff,1995.0,Waldstein,III
spotify:track:7LFNe2USP4xyuMVhUIZysK,"Sonata no. 8 in C minor, op. 13 [Pathetique]: Grave; Allegro molto e con brio",Beethoven: The Complete Sonatas,Ludwig van Beethoven;Richard Goode,1993,516000,4,False,mikaylab.,2026-02-15T23:21:11Z,"klassiek,klassieke piano,kamermuziek",Nonesuch,0.34,0.0929,0,-25.942,0,0.0489,0.989,0.9,0.0615,0.063,79.248,4,"""Pathétique"", I.",Richard Goode,1993.0,Pathétique,I
spotify:track:4NhStBCZ4PZ60y5kCHs64I,"Sonata no. 8 in C minor, op. 13 [Pathetique]: Adagio cantabile",Beethoven: The Complete Sonatas,Ludwig van Beethoven;Richard Goode,1993,331333,5,False,mikaylab.,2026-02-15T23:21:11Z,"klassiek,klassieke piano,kamermuziek",Nonesuch,0.228,0.00258,8,-38.19,1,0.0617,0.995,0.914,0.101,0.062,177.963,3,"""Pathétique"", II.",Richard Goode,1993.0,Pathétique,II
spotify:track:6hrB8sXAQrbNoJZFiJhfNH,"Sonata no. 8 in C minor, op. 13 [Pathetique]: Rondo: Allegro",Beethoven: The Complete Sonatas,Ludwig van Beethoven;Richard Goode,1993,255533,3,False,mikaylab.,2026-02-15T23:21:11Z,"klassiek,klassieke piano,kamermuziek",Nonesuch,0.339,0.0623,0,-28.263,0,0.0416,0.99,0.898,0.113,0.167,106.336,4,"""Pathétique"", III.",Richard Goode,1993.0,Pathétique,III
spotify:track:70TI9J2rsGIuXyFqVzOswh,"Sonata no. 14 in C-sharp minor, op. 27, no. 2 [Sonata quasi una Fantasia] [Moonlight]: Adagio sostenuto",Beethoven: The Complete Sonatas,Ludwig van Beethoven;Richard Goode,1993,338840,10,False,mikaylab.,2026-02-15T23:21:19Z,"klassiek,klassieke piano,kamermuziek",Nonesuch,0.124,0.00192,1,-44.341,0,0.0444,0.995,0.927,0.106,0.114,73.237,3,"""Moonlight"", I.",Richard Goode,1993.0,Moonlight,I
spotify:track:1eGZaS7OBH3sjUbZxyXimu,"Sonata no. 14 in C-sharp minor, op. 27, no. 2 [Sonata quasi una Fantasia] [Moonlight]: Allegretto",Beethoven: The Complete Sonatas,Ludwig van Beethoven;Richard Goode,1993,137426,3,False,mikaylab.,2026-02-15T23:21:19Z,"klassiek,klassieke piano,kamermuziek",Nonesuch,0.401,0.0122,1,-33.98,1,0.0558,0.995,0.926,0.0966,0.406,201.813,3,"""Moonlight"", II.",Richard Goode,1993.0,Moonlight,II
spotify:track:789rUzWCwg4VEMtkpbiAJw,"Sonata no. 14 in C-sharp minor, op. 27, no. 2 [Sonata quasi una Fantasia] [Moonlight]: Presto agitato",Beethoven: The Complete Sonatas,Ludwig van Beethoven;Richard Goode,1993,420733,3,False,mikaylab.,2026-02-15T23:21:19Z,"klassiek,klassieke piano,kamermuziek",Nonesuch,0.275,0.088,6,-25.273,0,0.0451,0.99,0.915,0.096,0.156,169.272,4,"""Moonlight"", III.",Richard Goode,1993.0,Moonlight,III
spotify:track:3vLbUhiVwi9bjkuVfc4OKj,"Sonata no. 21 in C major, op. 53 [Waldstein]: Allegro con brio",Beethoven: The Complete Sonatas,Ludwig van Beethoven;Richard Goode,1993,603000,7,False,mikaylab.,2026-02-15T23:21:31Z,"klassiek,klassieke piano,kamermuziek",Nonesuch,0.224,0.125,0,-26.133,1,0.0427,0.987,0.912,0.0811,0.114,75.819,4,"""Waldstein"", I.",Richard Goode,1993.0,Waldstein,I
spotify:track:6O6XPhBhdpNP08qMDIP2RA,"Sonata no. 21 in C major, op. 53 [Waldstein]: Introduzione: Adagio molto",Beethoven: The Complete Sonatas,Ludwig van Beethoven;Richard Goode,1993,242573,2,False,mikaylab.,2026-02-15T23:21:31Z,"klassiek,klassieke piano,kamermuziek",Nonesuch,0.462,0.00167,5,-34.804,1,0.0677,0.992,0.873,0.0762,0.195,132.64,3,"""Waldstein"", II.",Richard Goode,1993.0,Waldstein,II
spotify:track:2ytrZGSKmpYBRZQm3Vd74O,"Sonata no. 21 in C major, op. 53 [Waldstein]: Rondo: Allegretto moderato",Beethoven: The Complete Sonatas,Ludwig van Beethoven;Richard Goode,1993,574426,3,False,mikaylab.,2026-02-15T23:21:31Z,"klassiek,klassieke piano,kamermuziek",Nonesuch,0.326,0.0531,0,-25.568,1,0.0362,0.983,0.92,0.0647,0.0896,104.8,4,"""Waldstein"", III.",Richard Goode,1993.0,Waldstein,III
spotify:track:13MZ9mtzSoKeRtAKDhpGpP,"Beethoven: Piano Sonata No. 8 in C Minor, Op. 13 ""Pathétique"": I. Grave - Allegro di molto e con brio",Beethoven: Complete Piano Sonatas,Ludwig van Beethoven;Stephen Kovacevich,2003-08-10,527920,2,False,mikaylab.,2026-02-15T23:22:16Z,"klassiek,klassieke piano,kamermuziek",Warner Classics,0.422,0.171,5,-24.146,0,0.0554,0.983,0.942,0.0772,0.0784,75.512,4,"""Pathétique"", I.",Stephen Kovacevich,2003.0,Pathétique,I
spotify:track:55BSszZjjv0SjCGzA2maKR,"Beethoven: Piano Sonata No. 8 in C Minor, Op. 13 ""Pathétique"": II. Adagio cantabile",Beethoven: Complete Piano Sonatas,Ludwig van Beethoven;Stephen Kovacevich,2003-08-10,334653,12,False,mikaylab.,2026-02-15T23:22:16Z,"klassiek,klassieke piano,kamermuziek",Warner Classics,0.375,0.00888,8,-30.658,1,0.0427,0.995,0.919,0.102,0.0951,127.876,3,"""Pathétique"", II.",Stephen Kovacevich,2003.0,Pathétique,II
spotify:track:20zcsi5J6hX3IGdxfME4Cq,"Beethoven: Piano Sonata No. 8 in C Minor, Op. 13 ""Pathétique"": III. Rondo. Allegro",Beethoven: Complete Piano Sonatas,Ludwig van Beethoven;Stephen Kovacevich,2003-08-10,257840,2,False,mikaylab.,2026-02-15T23:22:16Z,"klassiek,klassieke piano,kamermuziek",Warner Classics,0.38,0.103,5,-25.561,0,0.0381,0.987,0.919,0.109,0.249,107.512,4,"""Pathétique"", III.",Stephen Kovacevich,2003.0,Pathétique,III
spotify:track:6Km9R1Nlrq8bEqVSfBSM7P,"Beethoven: Piano Sonata No. 14 in C-Sharp Minor, Op. 27 No. 2 ""Moonlight"": I. Adagio sostenuto",Beethoven: Complete Piano Sonatas,Ludwig van Beethoven;Stephen Kovacevich,2003-08-10,394760,10,False,mikaylab.,2026-02-15T23:22:25Z,"klassiek,klassieke piano,kamermuziek",Warner Classics,0.246,0.00609,1,-45.008,0,0.04,0.995,0.886,0.0853,0.255,67.149,1,"""Moonlight"", I.",Stephen Kovacevich,2003.0,Moonlight,I
spotify:track:2FTjVkbhDn5q6DSlY5Eec3,"Beethoven: Piano Sonata No. 14 in C-Sharp Minor, Op. 27 No. 2 ""Moonlight"": II. Allegretto",Beethoven: Complete Piano Sonatas,Ludwig van Beethoven;Stephen Kovacevich,2003-08-10,124880,2,False,mikaylab.,2026-02-15T23:22:25Z,"klassiek,klassieke piano,kamermuziek",Warner Classics,0.403,0.0375,1,-29.525,1,0.0449,0.994,0.851,0.11,0.229,69.821,4,"""Moonlight"", II.",Stephen Kovacevich,2003.0,Moonlight,II
spotify:track:21gJ6kvGt85jKn70w6Zdwq,"Beethoven: Piano Sonata No. 14 in C-Sharp Minor, Op. 27 No. 2 ""Moonlight"": III. Presto agitato",Beethoven: Complete Piano Sonatas,Ludwig van Beethoven;Stephen Kovacevich,2003-08-10,430373,3,False,mikaylab.,2026-02-15T23:22:25Z,"klassiek,klassieke piano,kamermuziek",Warner Classics,0.298,0.237,6,-21.656,0,0.0368,0.977,0.899,0.11,0.0706,81.127,4,"""Moonlight"", III.",Stephen Kovacevich,2003.0,Moonlight,III
spotify:track:2QAGe47zuL2jKQhkQZOYuA,"Beethoven: Piano Sonata No. 21 in C Major, Op. 53 ""Waldstein"": I. Allegro con brio",Beethoven: Complete Piano Sonatas,Ludwig van Beethoven;Stephen Kovacevich,2003-08-10,630693,1,False,mikaylab.,2026-02-15T23:22:42Z,"klassiek,klassieke piano,kamermuziek",Warner Classics,0.27,0.204,0,-22.197,1,0.0401,0.988,0.919,0.0792,0.088,80.375,4,"""Waldstein"", I.",Stephen Kovacevich,2003.0,Waldstein,I
spotify:track:5xoL18caWSGyIktE782sqS,"Beethoven: Piano Sonata No. 21 in C Major, Op. 53 ""Waldstein"": II. Introduzione. Adagio molto",Beethoven: Complete Piano Sonatas,Ludwig van Beethoven;Stephen Kovacevich,2003-08-10,208586,0,False,mikaylab.,2026-02-15T23:22:42Z,"klassiek,klassieke piano,kamermuziek",Warner Classics,0.41,0.00201,0,-33.724,1,0.057,0.993,0.931,0.089,0.0462,134.612,3,"""Waldstein"", II.",Stephen Kovacevich,2003.0,Waldstein,II
spotify:track:4ONzFkBv3phTKwbVS5lzfB,"Beethoven: Piano Sonata No. 21 in C Major, Op. 53 ""Waldstein"": III. Rondo. Allegretto moderato - Prestissimo",Beethoven: Complete Piano Sonatas,Ludwig van Beethoven;Stephen Kovacevich,2003-08-10,565973,1,False,mikaylab.,2026-02-15T23:22:42Z,"klassiek,klassieke piano,kamermuziek",Warner Classics,0.275,0.119,0,-19.656,1,0.0337,0.985,0.921,0.0789,0.085,109.925,4,"""Waldstein"", III.",Stephen Kovacevich,2003.0,Waldstein,III
spotify:track:40gRh2ZURv5tYBo8yB9Lu3,"Piano Sonata No. 14 in C-Sharp Minor, Op. 27 No. 2 ""Moonlight"": I. Adagio sostenuto","Beethoven: Piano Sonatas, Vol. 3",Ludwig van Beethoven;Paul Lewis,2007-09-25,315426,69,False,mikaylab.,2026-02-15T23:23:22Z,"klassiek,klassieke piano,kamermuziek",harmonia mundi,0.183,0.00527,1,-37.264,0,0.0448,0.995,0.887,0.173,0.147,171.619,3,"""Moonlight"", I.",Paul Lewis,2007.0,Moonlight,I
spotify:track:5OWTJ1hKJIfTNZR3whHi5D,"Piano Sonata No. 14 in C-Sharp Minor, Op. 27 No. 2 ""Moonlight"": II. Allegretto","Beethoven: Piano Sonatas, Vol. 3",Ludwig van Beethoven;Paul Lewis,2007-09-25,139426,25,False,mikaylab.,2026-02-15T23:23:22Z,"klassiek,klassieke piano,kamermuziek",harmonia mundi,0.447,0.0589,1,-24.229,1,0.0487,0.996,0.907,0.105,0.368,64.155,4,"""Moonlight"", II.",Paul Lewis,2007.0,Moonlight,II
spotify:track:6CmUJH2eRejvNhNNf3Aac0,"Piano Sonata No. 14 in C-Sharp Minor, Op. 27 No. 2 ""Moonlight"": III. Presto agitato","Beethoven: Piano Sonatas, Vol. 3",Ludwig van Beethoven;Paul Lewis,2007-09-25,458280,40,False,mikaylab.,2026-02-15T23:23:22Z,"klassiek,klassieke piano,kamermuziek",harmonia mundi,0.319,0.204,6,-16.632,0,0.0422,0.99,0.903,0.11,0.0579,157.483,4,"""Moonlight"", III.",Paul Lewis,2007.0,Moonlight,III
spotify:track:7D2Z1k9B7t1m40kidGuiIy,"Piano Sonata No. 8 in C Minor, Op. 13 ""Pathétique"": I. Grave - Allegro di molto e con brio","Beethoven: Piano Sonatas, Vol. 2",Ludwig van Beethoven;Paul Lewis,2007-07-31,588053,7,False,mikaylab.,2026-02-15T23:23:53Z,"klassiek,klassieke piano,kamermuziek",harmonia mundi,0.314,0.158,0,-21.489,0,0.0471,0.989,0.901,0.0625,0.0561,75.181,4,"""Pathétique"", I.",Paul Lewis,2007.0,Pathétique,I
spotify:track:014W5v2M4agPL2pKfGV3yT,"Piano Sonata No. 8 in C Minor, Op. 13 ""Pathétique"": II. Adagio cantabile","Beethoven: Piano Sonatas, Vol. 2",Ludwig van Beethoven;Paul Lewis,2007-07-31,323026,14,False,mikaylab.,2026-02-15T23:23:53Z,"klassiek,klassieke piano,kamermuziek",harmonia mundi,0.223,0.00629,8,-33.597,1,0.0475,0.995,0.885,0.118,0.0965,57.654,4,"""Pathétique"", II.",Paul Lewis,2007.0,Pathétique,II
spotify:track:5J2asnmk8ZeP07RbatgWw0,"Piano Sonata No. 8 in C Minor, Op. 13 ""Pathétique"": III. Rondo (Allegro)","Beethoven: Piano Sonatas, Vol. 2",Ludwig van Beethoven;Paul Lewis,2007-07-31,321213,7,False,mikaylab.,2026-02-15T23:23:53Z,"klassiek,klassieke piano,kamermuziek",harmonia mundi,0.197,0.134,0,-22.803,0,0.0423,0.989,0.922,0.117,0.12,84.499,4,"""Pathétique"", III.",Paul Lewis,2007.0,Pathétique,III
spotify:track:4EiCzQNNtC2ics0EMLOFW7,"Piano Sonata No. 21 in C Major, Op. 53 ""Waldstein"": I. Allegro con brio","Beethoven: Piano Sonatas, Vol. 2",Ludwig van Beethoven;Paul Lewis,2007-07-31,687986,5,False,mikaylab.,2026-02-15T23:24:17Z,"klassiek,klassieke piano,kamermuziek",harmonia mundi,0.251,0.174,0,-22.339,1,0.0396,0.985,0.917,0.0586,0.0627,75.043,4,"""Waldstein"", I.",Paul Lewis,2007.0,Waldstein,I
spotify:track:0IFQsYwYEvTkIXQIRub225,"Piano Sonata No. 21 in C Major, Op. 53 ""Waldstein"": II. Introduzione (Adagio molto)","Beethoven: Piano Sonatas, Vol. 2",Ludwig van Beethoven;Paul Lewis,2007-07-31,275773,3,False,mikaylab.,2026-02-15T23:24:17Z,"klassiek,klassieke piano,kamermuziek",harmonia mundi,0.463,0.00183,5,-31.316,1,0.0877,0.992,0.936,0.0818,0.123,77.349,4,"""Waldstein"", II.",Paul Lewis,2007.0,Waldstein,II
spotify:track:28s2ttNxcKLtEfrn1pZHFm,"Piano Sonata No. 21 in C Major, Op. 53 ""Waldstein"": III. Rondo (Allegretto moderato - Prestissimo)","Beethoven: Piano Sonatas, Vol. 2",Ludwig van Beethoven;Paul Lewis,2007-07-31,652346,3,False,mikaylab.,2026-02-15T23:24:17Z,"klassiek,klassieke piano,kamermuziek",harmonia mundi,0.29,0.103,0,-21.027,1,0.0336,0.984,0.911,0.0761,0.0492,94.138,4,"""Waldstein"", III.",Paul Lewis,2007.0,Waldstein,III
spotify:track:5nB5lv89uyDsFZbowk970Z,"Piano Sonata No. 8 in C Minor, Op. 13 ""Pathétique"": I. Grave – Allegro di molto e con brio","Beethoven: Moonlight, Pathétique & Waldstein Sonatas",Ludwig van Beethoven;Steven Osborne,2010-05-01,523492,6,False,mikaylab.,2026-02-15T23:35:50Z,"klassiek,klassieke piano,kamermuziek,impressionisme",Hyperion,0.317,0.124,0,-24.468,0,0.0526,0.986,0.907,0.0661,0.0582,162.624,4,"""Pathétique"", I.",Steven Osborne,2010.0,Pathétique,I
spotify:track:1rVShu1oqtgjU9K4QpT5wR,"Piano Sonata No. 8 in C Minor, Op. 13 ""Pathétique"": II. Adagio cantabile","Beethoven: Moonlight, Pathétique & Waldstein Sonatas",Ludwig van Beethoven;Steven Osborne,2010-05-01,306733,6,False,mikaylab.,2026-02-15T23:35:50Z,"klassiek,klassieke piano,kamermuziek,impressionisme",Hyperion,0.307,0.00389,8,-37.504,1,0.0438,0.994,0.879,0.114,0.11,64.467,4,"""Pathétique"", II.",Steven Osborne,2010.0,Pathétique,II
spotify:track:7F3x0HjXGxauf76CcMLF3Y,"Piano Sonata No. 8 in C Minor, Op. 13 ""Pathétique"": III. Rondo. Allegro","Beethoven: Moonlight, Pathétique & Waldstein Sonatas",Ludwig van Beethoven;Steven Osborne,2010-05-01,298320,5,False,mikaylab.,2026-02-15T23:35:50Z,"klassiek,klassieke piano,kamermuziek,impressionisme",Hyperion,0.252,0.0797,0,-26.684,0,0.0437,0.988,0.901,0.115,0.174,94.758,4,"""Pathétique"", III.",Steven Osborne,2010.0,Pathétique,III
spotify:track:7q1GK2Pb7ew5BNUTRYrUdr,"Piano Sonata No. 14 in C-Sharp Minor, Op. 27 No. 2 ""Moonlight"": I. Adagio sostenuto","Beethoven: Moonlight, Pathétique & Waldstein Sonatas",Ludwig van Beethoven;Steven Osborne,2010-05-01,361346,52,False,mikaylab.,2026-02-15T23:35:53Z,"klassiek,klassieke piano,kamermuziek,impressionisme",Hyperion,0.167,0.00159,1,-47.267,0,0.0414,0.99,0.907,0.138,0.0694,73.064,1,"""Moonlight"", I.",Steven Osborne,2010.0,Moonlight,I
spotify:track:7dMEyGgy2lsDNfNNRKalpF,"Piano Sonata No. 14 in C-Sharp Minor, Op. 27 No. 2 ""Moonlight"": II. Allegretto","Beethoven: Moonlight, Pathétique & Waldstein Sonatas",Ludwig van Beethoven;Steven Osborne,2010-05-01,119520,5,False,mikaylab.,2026-02-15T23:35:53Z,"klassiek,klassieke piano,kamermuziek,impressionisme",Hyperion,0.445,0.0171,1,-34.443,1,0.0404,0.996,0.949,0.0842,0.322,120.442,3,"""Moonlight"", II.",Steven Osborne,2010.0,Moonlight,II
spotify:track:4E7Dwrvvz01o0nppLJ2DXW,"Piano Sonata No. 14 in C-Sharp Minor, Op. 27 No. 2 ""Moonlight"": III. Presto agitato","Beethoven: Moonlight, Pathétique & Waldstein Sonatas",Ludwig van Beethoven;Steven Osborne,2010-05-01,446480,7,False,mikaylab.,2026-02-15T23:35:53Z,"klassiek,klassieke piano,kamermuziek,impressionisme",Hyperion,0.27,0.143,1,-21.496,0,0.0484,0.987,0.889,0.0923,0.0596,171.897,4,"""Moonlight"", III.",Steven Osborne,2010.0,Moonlight,III
spotify:track:1QxTOGbnFI954MquXWnve4,"Piano Sonata No. 21 in C Major, Op. 53 ""Waldstein"": I. Allegro con brio","Beethoven: Moonlight, Pathétique & Waldstein Sonatas",Ludwig van Beethoven;Steven Osborne,2010-05-01,658880,4,False,mikaylab.,2026-02-15T23:36:00Z,"klassiek,klassieke piano,kamermuziek,impressionisme",Hyperion,0.217,0.146,0,-24.295,1,0.0403,0.982,0.919,0.0892,0.102,79.903,4,"""Waldstein"", I.",Steven Osborne,2010.0,Waldstein,I
spotify:track:7puUjgKhq5x62A2vhNIkUq,"Piano Sonata No. 21 in C Major, Op. 53 ""Waldstein"": II. Introduzione. Adagio molto","Beethoven: Moonlight, Pathétique & Waldstein Sonatas",Ludwig van Beethoven;Steven Osborne,2010-05-01,275266,3,False,mikaylab.,2026-02-15T23:36:00Z,"klassiek,klassieke piano,kamermuziek,impressionisme",Hyperion,0.384,0.00121,0,-34.918,1,0.0816,0.989,0.917,0.0735,0.0938,71.116,4,"""Waldstein"", II.",Steven Osborne,2010.0,Waldstein,II
spotify:track:3gY7dVoPGHVt20KPPhyMPU,"Piano Sonata No. 21 in C Major, Op. 53 ""Waldstein"": III. Rondo. Allegretto moderato – Prestissimo","Beethoven: Moonlight, Pathétique & Waldstein Sonatas",Ludwig van Beethoven;Steven Osborne,2010-05-01,680426,3,False,mikaylab.,2026-02-15T23:36:00Z,"klassiek,klassieke piano,kamermuziek,impressionisme",Hyperion,0.265,0.0643,0,-24.249,1,0.0376,0.98,0.888,0.0791,0.0742,99.209,4,"""Waldstein"", III.",Steven Osborne,2010.0,Waldstein,III
spotify:track:7s9MNqDSt8fJ0qDsT60rvT,"Piano Sonata No. 8 in C minor, Op. 13, ""Pathétique"": I. Grave - Allegro di molto e con brio",Beethoven: The Complete Piano Sonatas,Ludwig van Beethoven;Igor Levit,2019-09-13,518884,21,False,mikaylab.,2026-02-15T23:25:19Z,"klassiek,klassieke piano,kamermuziek",Sony Classical,0.418,0.104,0,-23.681,0,0.0493,0.99,0.91,0.087,0.12,87.603,4,"""Pathétique"", I.",Igor Levit,2019.0,Pathétique,I
spotify:track:3jeQSllNtDd0N8Ut3xbDCP,"Piano Sonata No. 8 in C minor, Op. 13, ""Pathétique"": II. Adagio cantabile",Beethoven: The Complete Piano Sonatas,Ludwig van Beethoven;Igor Levit,2019-09-13,303285,45,False,mikaylab.,2026-02-15T23:25:19Z,"klassiek,klassieke piano,kamermuziek",Sony Classical,0.234,0.00304,8,-36.857,1,0.0509,0.995,0.911,0.0935,0.0865,63.074,4,"""Pathétique"", II.",Igor Levit,2019.0,Pathétique,II
spotify:track:3X8CUK3YEQBW6phhBALFxG,"Piano Sonata No. 8 in C minor, Op. 13, ""Pathétique"": III. Rondo. Allegro",Beethoven: The Complete Piano Sonatas,Ludwig van Beethoven;Igor Levit,2019-09-13,251523,20,False,mikaylab.,2026-02-15T23:25:19Z,"klassiek,klassieke piano,kamermuziek",Sony Classical,0.34,0.0991,0,-24.893,0,0.0418,0.99,0.92,0.11,0.157,110.141,4,"""Pathétique"", III.",Igor Levit,2019.0,Pathétique,III
spotify:track:24t1mpJc8FTPAkYjFdf9NQ,"Piano Sonata No. 14 in C-sharp minor, Op. 27, No. 2, ""Moonlight"": I. Adagio sostenuto",Beethoven: The Complete Piano Sonatas,Ludwig van Beethoven;Igor Levit,2019-09-13,313482,44,False,mikaylab.,2026-02-15T23:25:26Z,"klassiek,klassieke piano,kamermuziek",Sony Classical,0.141,0.00123,1,-43.851,0,0.0429,0.994,0.942,0.11,0.0843,78.155,3,"""Moonlight"", I.",Igor Levit,2019.0,Moonlight,I
spotify:track:0GKRboF09KumNqYHiBJTOR,"Piano Sonata No. 14 in C-sharp minor, Op. 27, No. 2, ""Moonlight"": II. Allegretto",Beethoven: The Complete Piano Sonatas,Ludwig van Beethoven;Igor Levit,2019-09-13,125629,19,False,mikaylab.,2026-02-15T23:25:26Z,"klassiek,klassieke piano,kamermuziek",Sony Classical,0.421,0.013,1,-33.834,1,0.0381,0.996,0.894,0.126,0.383,72.935,4,"""Moonlight"", II.",Igor Levit,2019.0,Moonlight,II
spotify:track:110KW9E2FJlXN5AXNZrwK7,"Piano Sonata No. 14 in C-sharp minor, Op. 27, No. 2, ""Moonlight"": III. Presto agitato",Beethoven: The Complete Piano Sonatas,Ludwig van Beethoven;Igor Levit,2019-09-13,411963,37,False,mikaylab.,2026-02-15T23:25:26Z,"klassiek,klassieke piano,kamermuziek",Sony Classical,0.288,0.114,6,-23.544,0,0.047,0.992,0.932,0.0899,0.0819,86.591,4,"""Moonlight"", III.",Igor Levit,2019.0,Moonlight,III
spotify:track:3WFTQHUd4DBoEucAWxaPDm,"Piano Sonata No. 21 in C Major, Op. 53, ""Waldstein"": I. Allegro con brio",Beethoven: The Complete Piano Sonatas,Ludwig van Beethoven;Igor Levit,2019-09-13,602757,47,False,mikaylab.,2026-02-15T23:25:32Z,"klassiek,klassieke piano,kamermuziek",Sony Classical,0.2,0.0967,0,-26.579,1,0.0419,0.986,0.934,0.0894,0.0845,85.258,4,"""Waldstein"", I.",Igor Levit,2019.0,Waldstein,I
spotify:track:5vy4fYUcx8H21wQhYbbNwK,"Piano Sonata No. 21 in C Major, Op. 53, ""Waldstein"": II. Introduzione. Adagio molto",Beethoven: The Complete Piano Sonatas,Ludwig van Beethoven;Igor Levit,2019-09-13,270779,15,False,mikaylab.,2026-02-15T23:25:32Z,"klassiek,klassieke piano,kamermuziek",Sony Classical,0.362,0.000868,0,-37.179,1,0.0575,0.993,0.963,0.0762,0.0765,137.64,4,"""Waldstein"", II.",Igor Levit,2019.0,Waldstein,II
spotify:track:0XOg7Hl9lFvKV8n3chf6ZS,"Piano Sonata No. 21 in C Major, Op. 53, ""Waldstein"": III. Rondo. Allegretto moderato - Prestissimo",Beethoven: The Complete Piano Sonatas,Ludwig van Beethoven;Igor Levit,2019-09-13,554796,24,False,mikaylab.,2026-02-15T23:25:32Z,"klassiek,klassieke piano,kamermuziek",Sony Classical,0.309,0.0509,0,-25.549,1,0.0389,0.986,0.908,0.071,0.0505,117.764,4,"""Waldstein"", III.",Igor Levit,2019.0,Waldstein,III
spotify:track:5OdXTInO0uuzAamRiDFxif,"Beethoven: Piano Sonata No. 8 in C Minor, Op. 13, ""Pathétique"": I. Grave - Allegro di molto e con brio",Beethoven: Complete Piano Sonatas,Ludwig van Beethoven;Fazıl Say,2020-01-17,497480,6,False,mikaylab.,2026-02-15T23:26:04Z,"klassiek,klassieke piano,kamermuziek",Warner Classics,0.377,0.132,0,-23.074,0,0.0483,0.991,0.894,0.0877,0.0994,149.521,4,"""Pathétique"", I.",Fazıl Say,2020.0,Pathétique,I
spotify:track:5a0yBMFyNYGrccTUUuIL0d,"Beethoven: Piano Sonata No. 8 in C Minor, Op. 13 ""Pathétique"": II. Adagio cantabile",Beethoven: Complete Piano Sonatas,Ludwig van Beethoven;Fazıl Say,2020-01-17,324960,7,False,mikaylab.,2026-02-15T23:26:04Z,"klassiek,klassieke piano,kamermuziek",Warner Classics,0.217,0.0028,8,-37.427,1,0.0483,0.995,0.912,0.127,0.12,68.706,4,"""Pathétique"", II.",Fazıl Say,2020.0,Pathétique,II
spotify:track:32KriCL6YvoBaYZTTxXyj9,"Beethoven: Piano Sonata No. 8 in C Minor, Op. 13, ""Pathétique"": III. Rondo (Allegro)",Beethoven: Complete Piano Sonatas,Ludwig van Beethoven;Fazıl Say,2020-01-17,276053,8,False,mikaylab.,2026-02-15T23:26:04Z,"klassiek,klassieke piano,kamermuziek",Warner Classics,0.335,0.127,0,-23.441,0,0.0372,0.991,0.916,0.201,0.227,98.303,4,"""Pathétique"", III.",Fazıl Say,2020.0,Pathétique,III
spotify:track:7kI6djJSMciKQHWwpLRmr4,"Beethoven: Piano Sonata No. 14 in C-Sharp Minor, Op. 27 No. 2, ""Moonlight"": I. Adagio sostenuto",Beethoven: Complete Piano Sonatas,Ludwig van Beethoven;Fazıl Say,2020-01-17,436653,24,False,mikaylab.,2026-02-15T23:26:14Z,"klassiek,klassieke piano,kamermuziek",Warner Classics,0.183,0.00504,1,-40.119,0,0.0741,0.995,0.906,0.104,0.145,67.685,4,"""Moonlight"", I.",Fazıl Say,2020.0,Moonlight,I
spotify:track:4OxBAbDJpyvNlC4azjot5I,"Beethoven: Piano Sonata No. 14 in C-Sharp Minor, Op. 27 No. 2, ""Moonlight"": II. Allegretto",Beethoven: Complete Piano Sonatas,Ludwig van Beethoven;Fazıl Say,2020-01-17,113213,3,False,mikaylab.,2026-02-15T23:26:14Z,"klassiek,klassieke piano,kamermuziek",Warner Classics,0.54,0.0321,1,-26.715,1,0.048,0.996,0.936,0.108,0.502,130.601,4,"""Moonlight"", II.",Fazıl Say,2020.0,Moonlight,II
spotify:track:5eGcRBFMufsKPk6oMqnX3Z,"Beethoven: Piano Sonata No. 14 in C-Sharp Minor, Op. 27 No. 2, ""Moonlight"": III. Presto agitato",Beethoven: Complete Piano Sonatas,Ludwig van Beethoven;Fazıl Say,2020-01-17,422493,6,False,mikaylab.,2026-02-15T23:26:14Z,"klassiek,klassieke piano,kamermuziek",Warner Classics,0.334,0.143,6,-21.067,0,0.0434,0.994,0.915,0.0888,0.172,158.707,4,"""Moonlight"", III.",Fazıl Say,2020.0,Moonlight,III
spotify:track:6EEqFJtUIOvjkICaz6YWvE,"Beethoven: Piano Sonata No. 21 in C Major, Op. 53, ""Waldstein"": I. Allegro con brio",Beethoven: Complete Piano Sonatas,Ludwig van Beethoven;Fazıl Say,2020-01-17,620226,4,False,mikaylab.,2026-02-15T23:26:30Z,"klassiek,klassieke piano,kamermuziek",Warner Classics,0.348,0.181,0,-23.781,1,0.0377,0.99,0.919,0.0956,0.163,81.733,4,"""Waldstein"", I.",Fazıl Say,2020.0,Waldstein,I
spotify:track:4l5iEpHVOPd4DV3JY58Ywp,"Beethoven: Piano Sonata No. 21 in C Major, Op. 53, ""Waldstein"": II. Introduzione (Adagio molto)",Beethoven: Complete Piano Sonatas,Ludwig van Beethoven;Fazıl Say,2020-01-17,196493,2,False,mikaylab.,2026-02-15T23:26:30Z,"klassiek,klassieke piano,kamermuziek",Warner Classics,0.351,0.00278,0,-32.296,1,0.0722,0.992,0.867,0.0833,0.0378,65.741,3,"""Waldstein"", II.",Fazıl Say,2020.0,Waldstein,II
spotify:track:6hpRpwKOVbGTnPhfZ4uNl7,"Beethoven: Piano Sonata No. 21 in C Major, Op. 53, ""Waldstein"": III. Rondo (Allegretto moderato - Prestissimo)",Beethoven: Complete Piano Sonatas,Ludwig van Beethoven;Fazıl Say,2020-01-17,566933,2,False,mikaylab.,2026-02-15T23:26:30Z,"klassiek,klassieke piano,kamermuziek",Warner Classics,0.367,0.0899,0,-22.263,1,0.0366,0.99,0.906,0.104,0.0597,120.797,4,"""Waldstein"", III.",Fazıl Say,2020.0,Waldstein,III
spotify:track:7sHK7HgiFSSH7BrWSc4HIe,"Piano Sonata No. 8 in C Minor, Op. 13 “Pathétique”: I. Grave - Allegro di molto e con brio",Beethoven: The Complete Piano Sonatas Nos. 1-32,Ludwig van Beethoven;David Korevaar,2026-01-30,515336,4,False,mikaylab.,2026-02-15T23:27:06Z,"klassiek,klassieke piano,kamermuziek",Prospero Classical,0.36,0.15,0,-23.207,0,0.0537,0.988,0.906,0.0837,0.084,76.758,4,"""Pathétique"", I.",David Korevaar,2026.0,Pathétique,I
spotify:track:1pB3BaIJtNCzbbbf7MlMqm,"Piano Sonata No. 8 in C Minor, Op. 13 “Pathétique”: II. Adagio cantabile",Beethoven: The Complete Piano Sonatas Nos. 1-32,Ludwig van Beethoven;David Korevaar,2026-01-30,295600,3,False,mikaylab.,2026-02-15T23:27:06Z,"klassiek,klassieke piano,kamermuziek",Prospero Classical,0.357,0.00477,8,-34.26,1,0.043,0.995,0.934,0.0965,0.088,70.969,4,"""Pathétique"", II.",David Korevaar,2026.0,Pathétique,II
spotify:track:11mcNANSHwXBijaAXjYz9C,"Piano Sonata No. 8 in C Minor, Op. 13 “Pathétique”: III. Rondo. Allegro",Beethoven: The Complete Piano Sonatas Nos. 1-32,Ludwig van Beethoven;David Korevaar,2026-01-30,283616,3,False,mikaylab.,2026-02-15T23:27:06Z,"klassiek,klassieke piano,kamermuziek",Prospero Classical,0.348,0.0761,0,-25.487,0,0.0385,0.988,0.912,0.135,0.189,102.693,3,"""Pathétique"", III.",David Korevaar,2026.0,Pathétique,III
spotify:track:1hoN5v1JXX9KTOLvRK9tFO,"Piano Sonata No. 14 in C-Sharp Minor, Op. 27 No. 2 “Moonlight”: I. Adagio sostenuto",Beethoven: The Complete Piano Sonatas Nos. 1-32,Ludwig van Beethoven;David Korevaar,2026-01-30,291811,3,False,mikaylab.,2026-02-15T23:27:16Z,"klassiek,klassieke piano,kamermuziek",Prospero Classical,0.159,0.00329,1,-36.95,0,0.0442,0.995,0.883,0.105,0.0427,66.524,4,"""Moonlight"", I.",David Korevaar,2026.0,Moonlight,I
spotify:track:75pGWuPA6M7tCU9bU2ooFI,"Piano Sonata No. 14 in C-Sharp Minor, Op. 27 No. 2 “Moonlight”: II. Allegretto",Beethoven: The Complete Piano Sonatas Nos. 1-32,Ludwig van Beethoven;David Korevaar,2026-01-30,131695,3,False,mikaylab.,2026-02-15T23:27:16Z,"klassiek,klassieke piano,kamermuziek",Prospero Classical,0.575,0.023,1,-30.637,1,0.043,0.996,0.93,0.131,0.354,112.128,4,"""Moonlight"", II.",David Korevaar,2026.0,Moonlight,II
spotify:track:6zkg0POdXhxWXUrvhIpUjN,"Piano Sonata No. 14 in C-Sharp Minor, Op. 27 No. 2 “Moonlight”: III. Presto agitato",Beethoven: The Complete Piano Sonatas Nos. 1-32,Ludwig van Beethoven;David Korevaar,2026-01-30,472686,4,False,mikaylab.,2026-02-15T23:27:16Z,"klassiek,klassieke piano,kamermuziek",Prospero Classical,0.32,0.148,6,-21.859,0,0.0389,0.988,0.897,0.103,0.114,149.542,4,"""Moonlight"", III.",David Korevaar,2026.0,Moonlight,III
spotify:track:5UOUxMKKUHbpSNViocbwCS,"Piano Sonata No. 21 in C Major, Op. 53 “Waldstein”: I. Allegro con brio",Beethoven: The Complete Piano Sonatas Nos. 1-32,Ludwig van Beethoven;David Korevaar,2026-01-30,676905,3,False,mikaylab.,2026-02-15T23:27:27Z,"klassiek,klassieke piano,kamermuziek",Prospero Classical,0.315,0.121,0,-24.654,1,0.0435,0.986,0.926,0.0815,0.0972,75.585,4,"""Waldstein"", I.",David Korevaar,2026.0,Waldstein,I
spotify:track:7xt0cIcE5xr3xSmkf9WB91,"Piano Sonata No. 21 in C Major, Op. 53 “Waldstein”: II. Introduzione: Adagio molto",Beethoven: The Complete Piano Sonatas Nos. 1-32,Ludwig van Beethoven;David Korevaar,2026-01-30,231304,2,False,mikaylab.,2026-02-15T23:27:27Z,"klassiek,klassieke piano,kamermuziek",Prospero Classical,0.388,0.00176,5,-33.664,1,0.0808,0.993,0.901,0.0675,0.0639,73.399,4,"""Waldstein"", II.",David Korevaar,2026.0,Waldstein,II
spotify:track:6xYCYv3b7OrCHAOLoK3Wps,"Piano Sonata No. 21 in C Major, Op. 53 “Waldstein”: III. Rondo: Allegretto moderato - Prestissimo",Beethoven: The Complete Piano Sonatas Nos. 1-32,Ludwig van Beethoven;David Korevaar,2026-01-30,629448,2,False,mikaylab.,2026-02-15T23:27:27Z,"klassiek,klassieke piano,kamermuziek",Prospero Classical,0.354,0.0768,0,-22.995,1,0.0355,0.982,0.911,0.122,0.0436,103.581,4,"""Waldstein"", III.",David Korevaar,2026.0,Waldstein,III
